INSERT INTO car_type(model,car_year,manufacturing_country,msrp) VALUES
 ('230i',2024,'Mexico',39200)
,('M240i',2024,'Mexico',50100)
,('M2',2024,'Mexico',64900)
,('330i',2024,'Mexico',47500)
,('M340i',2024,'Germany',61600)
,('M3 Competition',2024,'Germany',85300)
,('430i',2024,'Germany',52700)
,('430i Convertible',2024,'Germany',58700)
,('430i GranCoupe',2024,'Germany',51200)
,('M440i',2024,'Germany',66250)
,('M4 Competition',2024,'Germany',88300)
,('i4 M50',2024,'Germany',70700)
,('530i',2024,'Germany',60500)
,('540i',2024,'Germany',65200)
,('i5 M60',2024,'Germany',84100)
,('M5',2024,'Germany',119500)
,('740i',2024,'Germany',99400)
,('760i',2024,'Germany',121300)
,('i7 M70',2024,'Germany',168500)
,('840i',2024,'Germany',90800)
,('850i',2024,'Germany',106300)
,('M8',2024,'Germany',138800)
,('X1 M35i',2024,'Germany',50350)
,('iX1',2024,'Germany',51200)
,('X2 M35i',2024,'Germany',42450)
,('X3 xDrive30i',2024,'United States',49500)
,('X3 M40i',2024,'United States',64100)
,('iX3',2024,'United States',51200)
,('X3M',2024,'United States',85300)
,('X4 xDrive30i',2024,'United States',55300)
,('X4 M40i',2024,'United States',66700)
,('X4M',2024,'United States',79100)
,('X5 xDrive40i',2024,'United States',65700)
,('X5 M60i',2024,'United States',90000)
,('X5M',2024,'United States',124800)
,('X6 xDrive40i',2024,'United States',74500)
,('X6 M60i',2024,'United States',94300)
,('X6M',2024,'United States',129700)
,('X7 M60i',2024,'United States',110900)
,('XM',2024,'United States',159000)
,('Z4 sDrive30i',2024,'Austria',57150)
,('Z4 M40i',2024,'Austria',72900);

INSERT INTO new_inventory(vin,model,color,car_year) VALUES
 ('4T1BF1FK9CU602278','230i','Blue',2024)
,('1HGCM82633A123456','230i','Grey',2024)
,('5NPE34AF5FH006783','230i','Grey',2024)
,('5TFTU4GN0BX045914','230i','White',2024)
,('1FDNF20L14EB49659','M240i','Purple',2024)
,('2FMZA53431BB56187','330i','Silver',2024)
,('3GTRKVE35AG234455','330i','Grey',2024)
,('1G11C5SA0DF201911','330i','Grey',2024)
,('1FDKF37G8VEC89629','M340i','White',2024)
,('5XYKW4A71FG663316','M3 Competition','Green',2024)
,('3TMJU4GN9DM180986','430i','Red',2024)
,('1FTFX1EF6DFB84713','430i','White',2024)
,('5UXKU2C53F0F17335','430i Convertible','White',2024)
,('JTHCK262165031859','430i GranCoupe','Red',2024)
,('KNADE223896560197','430i GranCoupe','Blue',2024)
,('KLAJC52Z71K692677','430i GranCoupe','Blue',2024)
,('1GNFK16307R434394','M440i','Black',2024)
,('JF1GH61669G814080','M440i','Grey',2024)
,('5TEUX4ENXAZ726555','M4 Competition','Yellow',2024)
,('5GAEV23788J175003','i4 M50','Blue',2024)
,('2HGFB2F94CH381732','530i','Silver',2024)
,('JTEBU5JR5E5138498','530i','Silver',2024)
,('1FTSE34L36DA33561','530i','Silver',2024)
,('1C4NJDEB6ED824928','530i','Black',2024)
,('KMHCG35G7YU024201','540i','Grey',2024)
,('2FMZA5347YBB97609','540i','Red',2024)
,('2FDKF38G0RCA71968','M5','Blue',2023)
,('1GNEC13Z05R230029','740i','White',2024)
,('1G1ZD5E07CF137383','i7 M70','Black',2023)
,('1G6KD54YX5U257017','i7 M70','Black',2023)
,('1C6RR7FT6ES418251','850i','Blue',2023)
,('1FMCU93198KA16462','X1 M35i','White',2024)
,('1FMCU0JXXEUC07133','X1 M35i','White',2024)
,('4GTJ7C1391J718070','iX1','White',2024)
,('1GNFK13508R177812','X3 xDrive30i','Black',2024)
,('3C6UR5HJ9EG213069','X3 xDrive30i','Grey',2024)
,('JKAVN2D126A027543','X3 xDrive30i','Grey',2024)
,('1HGCM56886A078932','X3 M40i','Grey',2024)
,('3VWDZ7AJXBM362552','X4 xDrive30i','Grey',2024)
,('3C6TR5FT0DG653325','X5 xDrive40i','Grey',2024)
,('KMHDH4AE2BU166782','X5 xDrive40i','White',2024)
,('KMHTC6AD8DU191170','X5M','Green',2024)
,('1C4NJDBB6DD287576','X6 M60i','Black',2024)
,('JTLZE4FE8CJ041885','X7 M60i','White',2024)
,('4T1BF1FK8CU179144','X7 M60i','White',2024)
,('5TBBT44104S419438','XM','Black',2023)
,('3VWCT71K16M056240','XM','Black',2023)
,('1FAFP53U17A199572','Z4 sDrive30i','Purple',2024)
,('1FMEU6DE5AUB39002','Z4 sDrive30i','White',2024)
,('1FTPX14538FB26125','Z4 M40i','Silver',2024);


INSERT INTO used_inventory(vin,brand,model,car_year,color,mileage,car_condition,warranty_status,price) VALUES
 ('JH4CU2F68DC012523','Audi','A6',2017,'Silver',90003,'Good','0 Year',25800)
,('1GKFK63867J255396','Alfa Romeo','Giulia',2019,'red',20010,'Good','0 Year',35000)
,('1FAFP58UX4A120551','BMW','330ci',2006,'Silver',112004,'Good','0 Year',12999)
,('5FYD4FV108B043585','BMW','520i',2011,'White',102304,'Good','0 Year',22033)
,('YV1MC67268J014522','BMW','XM',2023,'Black',30001,'Good','2 Years',80000)
,('WBANB53517CP04587','BMW','X5 xDrive40i',2021,'White',50200,'Good','0 Year',45000)
,('3VWCM31Y05M304180','Ford','Focus RS',2020,'Blue',102504,'Good','0 Year',35000)
,('3B7KC23642M213805','GMC','Yukon',2018,'Red',130300,'Medium','0 Year',21000)
,('1N4AL21E28N402642','Honda','CRV',2020,'Red',100003,'Good','0 Year',26000)
,('1J8HG48K36C284509','Honda','Civic TypeR',2022,'Grey',50200,'Good','1 Year',40020)
,('WDDGF56X79R047880','Honda','Pilot',2019,'White',110003,'Good','0 Year',23000)
,('1FAHP2F87DG266058','Jaguar','F-Pace',2020,'Green',130003,'Medium','0 Year',23000)
,('5TDZT34A54S233491','Jaguar','F-Type',2022,'Green',60200,'Good','0 Year',55000)
,('3GTP2WE33BG204868','KIA','Telluride',2022,'White',140003,'Good','0 Year',23000)
,('1FTWF32Y85EB95627','Land Rover','Velar',2018,'Grey',130103,'Good','0 Year',41020)
,('1B3CB4HA4AD656189','Land Rover','Vogue',2016,'White',110203,'Good','0 Year',55000)
,('WP0AA29964S689342','Mini','Cooper S',2014,'Red',150003,'Medium','0 Year',21000)
,('4S3BE686047216403','Mini','Clubman JCW',2022,'Grey',60300,'Good','0 Year',26000)
,('1FTFW1ET6EKF07983','Tesla','Model S',2020,'Red',100203,'Good','0 Year',23000)
,('3GSCL33P39S555162','Tesla','Model X',2020,'Blue',110202,'Good','0 Year',24000);

INSERT INTO customer(first_name,last_name,customer_email) VALUES
 ('Thomas','Lawrance','thomas.lawrance@gmail.com')
,('Jane','Donohue','Jane.Donohue@gmail.com')
,('Michael','Lee','michael.lee@gmail.com')
,('Emily','Davis','emily.davis@outlook.com')
,('David','Lawrance','david.lawrance@gmail.com')
,('Sarah','Wilson','sarah.wilson@gmail.com')
,('Daniel','Martinez','daniel.martinez@gmail.com')
,('Jessica','Taylor','jessica.taylor@gmail.com')
,('Matthew','Anderson','matthew.anderson@gmail.com')
,('Ashley','Waltson','ashley.thomas@gmail.com')
,('Christopher','Gao','christopher.gao@gmail.com')
,('Amanda','Clark','amanda.clark@outlook.com')
,('Joshua','Hernandez','joshua.hernandez@gmail.com')
,('Brittany','Robinson','brittany.robinson@icloud.com')
,('Ethan','Lewis','ethan.lewis@gmail.com')
,('Samantha','Walker','samantha.walker@gmail.com')
,('Brandon','King','brandon.king@outlook.com')
,('Megan','Hall','megan.hall@gmail.com')
,('Andrew','Scott','andrew.scott@gmail.com')
,('Jennifer','Young','jennifer.young@gmail.com')
,('Ryan','Falcone','ryan.falcone@gmail.com')
,('Elizabeth','Adams','elizabeth.adams@gmail.com')
,('Joseph','Baker','joseph.baker@outlook.com')
,('Lauren','Berry','lauren.berry@gmail.com')
,('Tyler','Harris','tyler.harris@outlook.com');

INSERT INTO cust_contact(customer_email,phone_number,address,DOB) VALUES
 ('thomas.lawrance@gmail.com','(412) 123-4567','123 Maple Street, Pittsburgh, PA 1520','1985-03-01')
,('Jane.Donohue@gmail.com','(717) 234-5678','456 Oak Avenue, Harrisburg, PA 17101','1990-07-15')
,('michael.lee@gmail.com','(215) 345-6789','789 Pine Road, Philadelphia, PA 19101','1982-10-23')
,('emily.davis@outlook.com','(610) 456-7890','321 Cedar Lane, Allentown, PA 18101','1995-04-10')
,('david.lawrance@gmail.com','(814) 567-8901','654 Birch Drive, Erie, PA 16501','1988-02-28')
,('sarah.wilson@gmail.com','(570) 678-9012','987 Elm Street, Scranton, PA 18501','1992-06-12')
,('daniel.martinez@gmail.com','(717) 789-0123','159 Spruce Avenue, Lancaster, PA 17601','1984-08-03')
,('jessica.taylor@gmail.com','(610) 890-1234','753 Maple Boulevard, Bethlehem, PA 18001','1989-05-25')
,('matthew.anderson@gmail.com','(717) 901-2345','852 Oak Circle, York, PA 17401','1991-11-17')
,('ashley.thomas@gmail.com','(814) 012-3456','456 Pine Court, Altoona, PA 16601','1986-09-07')
,('christopher.gao@gmail.com','(610) 123-4567','369 Birch Street, Reading, PA 19601','1983-01-22')
,('amanda.clark@outlook.com','(610) 234-5678','951 Cedar Drive, Easton, PA 18042','1990-12-09')
,('joshua.hernandez@gmail.com','(570) 345-6789','147 Elm Avenue, Wilkes-Barre, PA 18701','1987-04-21')
,('brittany.robinson@icloud.com','(717) 456-7890','258 Spruce Street, York, PA 17401','1993-10-05')
,('ethan.lewis@gmail.com','(717) 567-8901','369 Maple Lane, Harrisburg, PA 17101','1981-02-16')
,('samantha.walker@gmail.com','(570) 678-9012','951 Oak Boulevard, Scranton, PA 18501','1985-06-08')
,('brandon.king@outlook.com','(412) 789-0123','147 Pine Circle, Pittsburgh, PA 15201','1989-08-14')
,('megan.hall@gmail.com','(814) 890-1234','258 Birch Court, Erie, PA 16501','1992-12-24')
,('andrew.scott@gmail.com','(610) 901-2345','369 Cedar Drive, Allentown, PA 18101','1984-03-30')
,('jennifer.young@gmail.com','(610) 012-3456','951 Spruce Avenue, Bethlehem, PA 18001','1988-09-11')
,('ryan.falcone@gmail.com','(610) 123-4567','147 Elm Boulevard, Reading, PA 19601','2003-11-29')
,('elizabeth.adams@gmail.com','(814) 234-5678','258 Pine Street, Altoona, PA 16601','1991-05-04')
,('joseph.baker@outlook.com','(215) 345-6789','369 Maple Court, Philadelphia, PA 19101','1983-01-15')
,('lauren.berry@gmail.com','(717) 456-7890','951 Birch Lane, Lancaster, PA 17601','1990-07-19')
,('tyler.harris@outlook.com','(610) 567-8901','147 Oak Drive, Easton, PA 18042','1987-10-26');

INSERT INTO department(department_id,department_name,department_size) VALUES
 ('D1','Sales',5)
,('D2','Mechanics',4)
,('D3','Finance',4)
,('D4','Management',3);

INSERT INTO emp_info(email,phone_number,address,DOB,salary) VALUES
 ('DB@gmail.com',14126789013,'1453 Elm Street Springfield IL 62704','1990-03-14',50000)
,('ava.mitchell@hotmail.com',14121234567,'982 Maple Avenue Columbus OH 43215','1987-07-08',55000)
,('noah.parker@gmail.com',14122345678,'63 Birchwood Lane Austin TX 78701','1995-01-22',75000)
,('olivia.harrison@gmail.com',14123456789,'2075 Sunset Boulevard Los Angeles CA 90028','1979-11-03',80000)
,('liam.turner@gmail.com',14124567890,'813 Oakwood Drive Denver CO 80203','1985-08-16',76000)
,('emma.brooks@gmail.com',14125678901,'49 Pinehurst Road Atlanta GA 30303','1992-10-29',65000)
,('sophia.morgan@gmail.com',14126789012,'552 Beacon Street Boston MA 02108','1988-06-12',60000)
,('lucas.bennett@gmail.com',12137890123,'1317 Willow Creek Court Miami FL 33101','1999-04-27',85000)
,('amelia.walker@gmail.com',17388901234,'398 Cedar Hill Way Seattle WA 98101','1980-12-05',75000)
,('ethan.reed@gmail.com',12239012345,'2409 Valley View Drive Phoenix AZ 85001','1993-05-20',45000)
,('harper.foster@gmail.com',13210123456,'88 Highland Avenue San Francisco CA 94103','1986-09-09',50000)
,('jackson.hughes@gmail.com',14261234568,'1162 Gardenia Circle Nashville TN 37203','1995-02-15',42000)
,('henry.carter@gmail.com',15642345679,'760 Riverbend Drive Dallas TX 75201','1978-07-30',70000)
,('mia.richardson@gmail.com',14123456780,'305 Magnolia Street Charleston SC 29401','1983-10-06',55000)
,('audrey.cooper@gmail.com',13224567891,'1017 Laurel Avenue Minneapolis MN 55401','1997-03-25',60000)
,('samuel.grant@gmail.com',14525678902,'2258 Sycamore Road Portland OR 97201','1989-06-10',75000);

INSERT INTO service(service_id,customer_email,model,license_plate_number,color,service_type,appointment_date,employee_id,car_year) VALUES
 ('SE1','david.lawrance@gmail.com','850i','NUW-3445','Orange','Oil & Filter Change','2024-12-18','E10',2023)
,('SE2','amanda.clark@outlook.com','330i','HTC-5787','Blue','Maintenance','2024-12-18','E12',2024)
,('SE3','tyler.harris@outlook.com','430i Convertible','ECY-1212','Red','Maintenance','2024-12-18','E10',2024)
,('SE4','andrew.scott@gmail.com','X5 xDrive40i','SJU-2423','Black','Maintenance','2024-12-20','E11',2024)
,('SE5','joshua.hernandez@gmail.com','X5 xDrive40i','WHAT','Grey','Maintenance','2024-12-20','E13',2024)
,('SE6','sarah.wilson@gmail.com','330i','YWO-1303','White','Oil & Filter Change','2024-12-23','E10',2024)
,('SE7','brandon.king@outlook.com','X7 M60i','NXA-5818','Blue','Oil & Filter Change','2024-12-23','E11',2024)
,('SE8','joshua.hernandez@gmail.com','X5 xDrive40i','WHAT','White','Wheel Alignment','2024-12-29','E13',2024)
,('SE9','thomas.lawrance@gmail.com','X3 M40i','AMG-335','Red','Maintenance','2024-12-29','E12',2024)
,('SE10','Jane.Donohue@gmail.com','X3 xDrive30i','ESW-9931','White','Maintenance','2025-01-18','E12',2024)
,('SE11','jessica.taylor@gmail.com','X5 xDrive40i','MCN-5245','Grey','Oil & Filter Change','2025-01-28','E10',2024)
,('SE12','david.lawrance@gmail.com','850i','NUW-3445','Orange','Transmission inspection','2025-02-10','E13',2023)
,('SE13','elizabeth.adams@gmail.com','M5','ZDF-6647','Green','State Inspection','2025-08-18','E11',2023)
,('SE14','matthew.anderson@gmail.com','330i','OYI-6151','Grey','State Inspection','2025-08-18','E11',2024)
,('SE15','jessica.taylor@gmail.com','iX3','REV-5153','Blue','State Inspection','2025-08-18','E11',2024);


